employee_email,month,year,overtime_hours,bonus,deductions,status,submitted_by_email
user1056@company.com,4,2025,5,67,27,approved,leader@spycray.com
user1083@company.com,12,2025,7,6,71,pending,leader@spycray.com
user1038@company.com,12,2025,10,54,80,pending,leader@spycray.com
user1101@company.com,11,2025,3,178,29,pending,leader@spycray.com
user1110@company.com,3,2025,10,23,20,approved,leader@spycray.com
user1024@company.com,3,2025,4,109,34,pending,leader@spycray.com
user1072@company.com,4,2025,8,165,81,approved,leader@spycray.com
user1082@company.com,3,2025,10,60,21,approved,leader@spycray.com
user1062@company.com,1,2025,3,169,58,pending,leader@spycray.com
user1015@company.com,10,2025,1,105,85,pending,leader@spycray.com
user1054@company.com,8,2025,0,145,68,approved,leader@spycray.com
user1002@company.com,12,2025,2,45,46,pending,leader@spycray.com
user1087@company.com,1,2025,2,477,88,pending,leader@spycray.com
user1057@company.com,4,2025,10,25,97,approved,leader@spycray.com
user1011@company.com,2,2025,5,411,94,approved,leader@spycray.com
user1020@company.com,2,2025,8,464,52,pending,leader@spycray.com
user1080@company.com,10,2025,6,338,99,approved,leader@spycray.com
user1069@company.com,11,2025,1,215,57,pending,leader@spycray.com
user1041@company.com,1,2025,1,35,27,pending,leader@spycray.com
user1084@company.com,4,2025,7,481,92,pending,leader@spycray.com
user1003@company.com,12,2025,9,343,51,pending,leader@spycray.com
user1088@company.com,7,2025,10,103,81,approved,leader@spycray.com
user1020@company.com,5,2025,5,299,77,pending,leader@spycray.com
user1109@company.com,12,2025,1,256,24,approved,leader@spycray.com
user1094@company.com,9,2025,4,410,56,pending,leader@spycray.com
user1085@company.com,3,2025,8,78,68,pending,leader@spycray.com
user1080@company.com,6,2025,2,176,48,pending,leader@spycray.com
user1023@company.com,8,2025,5,418,77,pending,leader@spycray.com
user1037@company.com,7,2025,9,262,83,approved,leader@spycray.com
user1040@company.com,8,2025,6,412,41,approved,leader@spycray.com
user1039@company.com,3,2025,3,69,60,pending,leader@spycray.com
user1112@company.com,11,2025,8,318,72,pending,leader@spycray.com
user1091@company.com,1,2025,1,8,95,pending,leader@spycray.com
user1082@company.com,3,2025,2,4,46,approved,leader@spycray.com
user1038@company.com,12,2025,0,66,85,pending,leader@spycray.com
user1115@company.com,9,2025,9,79,61,pending,leader@spycray.com
user1070@company.com,4,2025,3,191,87,approved,leader@spycray.com
user1076@company.com,7,2025,1,280,17,pending,leader@spycray.com
user1028@company.com,12,2025,1,417,84,pending,leader@spycray.com
user1120@company.com,12,2025,4,397,54,pending,leader@spycray.com
user1103@company.com,3,2025,7,158,52,approved,leader@spycray.com
user1017@company.com,8,2025,4,196,32,approved,leader@spycray.com
user1008@company.com,3,2025,7,491,70,approved,leader@spycray.com
user1114@company.com,7,2025,2,249,28,pending,leader@spycray.com
user1020@company.com,10,2025,8,239,16,approved,leader@spycray.com
user1055@company.com,8,2025,6,141,13,pending,leader@spycray.com
user1037@company.com,6,2025,4,236,48,pending,leader@spycray.com
user1008@company.com,5,2025,5,119,42,pending,leader@spycray.com
user1088@company.com,5,2025,2,74,88,pending,leader@spycray.com
user1003@company.com,4,2025,6,315,20,approved,leader@spycray.com
user1019@company.com,10,2025,5,397,98,pending,leader@spycray.com
user1011@company.com,1,2025,3,41,52,pending,leader@spycray.com
user1057@company.com,5,2025,10,331,32,pending,leader@spycray.com
user1095@company.com,5,2025,4,233,75,pending,leader@spycray.com
user1071@company.com,6,2025,1,73,58,approved,leader@spycray.com
user1087@company.com,1,2025,1,58,21,pending,leader@spycray.com
user1083@company.com,3,2025,2,259,30,pending,leader@spycray.com
user1077@company.com,2,2025,6,345,50,approved,leader@spycray.com
user1104@company.com,4,2025,6,222,2,pending,leader@spycray.com
user1035@company.com,4,2025,2,183,64,approved,leader@spycray.com
user1033@company.com,9,2025,2,329,84,pending,leader@spycray.com
user1014@company.com,7,2025,8,377,68,pending,leader@spycray.com
user1016@company.com,5,2025,1,307,12,approved,leader@spycray.com
user1025@company.com,4,2025,5,280,95,pending,leader@spycray.com
user1029@company.com,2,2025,9,401,18,approved,leader@spycray.com
user1056@company.com,9,2025,4,38,50,pending,leader@spycray.com
user1006@company.com,10,2025,8,10,23,pending,leader@spycray.com
user1052@company.com,3,2025,2,488,44,approved,leader@spycray.com
user1046@company.com,5,2025,7,453,22,approved,leader@spycray.com
user1052@company.com,10,2025,5,226,93,pending,leader@spycray.com
user1024@company.com,5,2025,8,294,56,pending,leader@spycray.com
user1049@company.com,10,2025,10,164,31,pending,leader@spycray.com
user1027@company.com,1,2025,1,5,59,pending,leader@spycray.com
user1115@company.com,4,2025,8,339,82,pending,leader@spycray.com
user1032@company.com,6,2025,1,287,87,pending,leader@spycray.com
user1100@company.com,3,2025,9,377,98,approved,leader@spycray.com
user1108@company.com,11,2025,6,219,8,approved,leader@spycray.com
user1090@company.com,8,2025,1,216,18,approved,leader@spycray.com
user1009@company.com,6,2025,8,295,89,pending,leader@spycray.com
user1041@company.com,12,2025,0,242,47,pending,leader@spycray.com
user1062@company.com,2,2025,5,147,1,approved,leader@spycray.com
user1002@company.com,2,2025,8,195,82,approved,leader@spycray.com
user1062@company.com,11,2025,1,240,6,approved,leader@spycray.com
user1082@company.com,10,2025,1,409,71,approved,leader@spycray.com
user1066@company.com,8,2025,5,236,48,approved,leader@spycray.com
user1062@company.com,9,2025,7,142,81,pending,leader@spycray.com
user1055@company.com,9,2025,10,315,87,pending,leader@spycray.com
user1056@company.com,2,2025,3,258,86,approved,leader@spycray.com
user1013@company.com,11,2025,9,172,12,approved,leader@spycray.com
user1052@company.com,12,2025,7,318,64,pending,leader@spycray.com
user1089@company.com,1,2025,5,487,36,pending,leader@spycray.com
user1090@company.com,8,2025,3,14,78,pending,leader@spycray.com
user1008@company.com,10,2025,5,63,45,pending,leader@spycray.com
user1013@company.com,9,2025,2,211,35,approved,leader@spycray.com
user1033@company.com,3,2025,10,294,16,pending,leader@spycray.com
user1081@company.com,9,2025,4,310,72,pending,leader@spycray.com
user1112@company.com,6,2025,7,34,45,pending,leader@spycray.com
user1109@company.com,12,2025,3,491,40,pending,leader@spycray.com
user1117@company.com,5,2025,10,324,43,pending,leader@spycray.com
user1089@company.com,11,2025,8,58,45,pending,leader@spycray.com
user1060@company.com,1,2025,4,78,70,approved,leader@spycray.com
user1091@company.com,12,2025,2,331,26,approved,leader@spycray.com
user1014@company.com,1,2025,10,37,67,approved,leader@spycray.com
user1019@company.com,10,2025,3,449,92,approved,leader@spycray.com
user1115@company.com,9,2025,4,199,80,approved,leader@spycray.com
user1020@company.com,11,2025,4,358,84,pending,leader@spycray.com
user1069@company.com,9,2025,4,119,64,pending,leader@spycray.com
user1022@company.com,6,2025,4,223,77,pending,leader@spycray.com
user1017@company.com,5,2025,2,151,28,pending,leader@spycray.com
user1086@company.com,10,2025,3,494,22,approved,leader@spycray.com
user1085@company.com,7,2025,2,277,43,pending,leader@spycray.com
user1102@company.com,6,2025,8,185,31,approved,leader@spycray.com
user1071@company.com,4,2025,7,165,77,approved,leader@spycray.com
user1016@company.com,10,2025,9,442,66,pending,leader@spycray.com
user1020@company.com,6,2025,7,455,79,pending,leader@spycray.com
user1065@company.com,8,2025,7,361,50,approved,leader@spycray.com
user1027@company.com,12,2025,8,225,79,pending,leader@spycray.com
user1100@company.com,8,2025,5,81,59,pending,leader@spycray.com
user1025@company.com,2,2025,6,100,43,pending,leader@spycray.com
user1035@company.com,12,2025,9,375,51,pending,leader@spycray.com
